Germany,DEU,9,28059.256725169143,46258.8782897052,3845630030823.52,0.20449
United Kingdom,GBR,9,28059.256725169143,42300.267125825,2827113184695.58,0.35483
Italy,ITA,9,28059.256725169143,33189.5657988542,2001244392041.57,0.46125
Russia,RUS,9,28059.256725169143,11584.9953826104,1699876578871.35,0.55164
Spain,ESP,9,28059.256725169143,29613.6711379783,1394116310768.63,0.62577
Netherlands,NLD,9,28059.256725169143,52447.8314391911,909070395160.783,0.67411
Switzerland,CHE,9,28059.256725169143,81993.7271494202,703082435360.117,0.7115
Poland,POL,9,28059.256725169143,15595.2270334259,592164400687.607,0.74299
Sweden,SWE,9,28059.256725169143,51610.0660552202,530832908737.862,0.77122
Belgium,BEL,9,28059.256725169143,46116.69923368,529606710418.038,0.79938
Austria,AUT,9,28059.256725169143,50277.2750874213,446314739528.47,0.82311
Ireland,IRL,9,28059.256725169143,78660.9564629603,388698711348.156,0.84378
Denmark,DNK,9,28059.256725169143,59822.0929608968,348078018463.905,0.86229
Finland,FIN,9,28059.256725169143,48685.8539866945,268761201364.705,0.87658
Romania,ROU,9,28059.256725169143,12919.5296441908,250077444017.084,0.88988
Czechia,CZE,9,28059.256725169143,23101.7777049854,246489245494.882,0.90299
Portugal,PRT,9,28059.256725169143,23145.0408172828,237686075634.698,0.91563
Greece,GRC,9,28059.256725169143,19582.5360108329,209852761468.681,0.92679
Algeria,DZA,9,28059.256725169143,3948.34327892571,169988236398.126,0.93583
Hungary,HUN,9,28059.256725169143,16475.7418389402,160967157503.612,0.94439
Ukraine,UKR,9,28059.256725169143,3659.03131229487,153781069118.148,0.95256
Morocco,MAR,9,28059.256725169143,3204.09500313298,118725279596.13,0.95888
Slovakia,SVK,9,28059.256725169143,19329.0968007902,105422304975.576,0.96448
Luxembourg,LUX,9,28059.256725169143,114704.594170863,71104919108.1411,0.96826
Bulgaria,BGR,9,28059.256725169143,9737.60135083347,67927179736.6915,0.97188
Belarus,BLR,9,28059.256725169143,6663.29529282582,63080457022.6599,0.97523
Croatia,HRV,9,28059.256725169143,14853.2398374635,60415553038.8826,0.97844
Lithuania,LTU,9,28059.256725169143,19455.4541266341,54219315600.0854,0.98133
Slovenia,SVN,9,28059.256725169143,25739.2478143246,53742159516.9278,0.98418
Libya,LBY,9,28059.256725169143,7683.75061122959,52076250947.5792,0.98695
Serbia,SRB,9,28059.256725169143,7402.35455862041,51409167350.7548,0.98969
Tunisia,TUN,9,28059.256725169143,3317.54101348345,38797709923.6641,0.99175
Latvia,LVA,9,28059.256725169143,17836.3648865958,34117202555.0666,0.99356
Estonia,EST,9,28059.256725169143,23659.8722900339,31386949981.236,0.99523
Iceland,ISL,9,28059.256725169143,66944.8255080349,24188035738.7846,0.99652
Bosnia and Herz.,BIH,9,28059.256725169143,6073.26520283208,20047848434.5487,0.99758
Albania,ALB,9,28059.256725169143,5352.85741103671,15278077446.8643,0.9984
Macedonia,MKD,9,28059.256725169143,6093.14769049676,12694823394.0947,0.99907
Moldova,MDA,9,28059.256725169143,4498.52085021233,11955435456.7957,0.99971
Montenegro,MNE,9,28059.256725169143,8832.03683598629,5494736901.03,1.0
United States of America,USA,0,22133.898540064103,65118.3583328163,21374418877706.7,0.91442
Canada,CAN,0,22133.898540064103,46194.7252255167,1736425629519.96,0.9887
Puerto Rico,PRI,0,22133.898540064103,32873.7192730424,104988600000.0,0.99319
Dominican Rep.,DOM,0,22133.898540064103,8282.1162218645,88941298257.7215,0.997
Trinidad and Tobago,TTO,0,22133.898540064103,17276.4654468225,24100202833.7504,0.99803
Jamaica,JAM,0,22133.898540064103,5582.26377755211,16458071067.8176,0.99873
Bahamas,BHS,0,22133.898540064103,32933.4860147581,12827000000.0,0.99928
Haiti,HTI,0,22133.898540064103,754.58791774842,8498981820.87012,0.99965
Guyana,GUY,0,22133.898540064103,5468.35662903592,4280443645.08393,0.99983
Suriname,SUR,0,22133.898540064103,6854.90656148409,3985250737.46313,1.0
Australia,AUS,6,18540.381012402602,54907.1019101424,1392680589329.14,0.85312
New Zealand,NZL,6,18540.381012402602,42084.3533748088,206928765543.935,0.97988
Papua New Guinea,PNG,6,18540.381012402602,2845.18018574842,24969611434.7684,0.99517
Fiji,FJI,6,18540.381012402602,6220.04642089247,5535548972.41252,0.99857
Solomon Is.,SLB,6,18540.381012402602,2127.53850760272,1425074225.77798,0.99944
Vanuatu,VUT,6,18540.381012402602,3058.0656752208,917058850.816563,1.0
Saudi Arabia,SAU,5,16681.308444528102,23139.7986561214,792966838161.659,0.22409
Turkey,TUR,5,16681.308444528102,9042.49298288882,754411708202.616,0.43729
United Arab Emirates,ARE,5,16681.308444528102,43103.3230583165,421142267937.65,0.5563
Israel,ISR,5,16681.308444528102,43641.3977358108,395098666121.616,0.66796
Egypt,EGY,5,16681.308444528102,3020.03134971543,303175127597.521,0.75363
Iraq,IRQ,5,16681.308444528102,5955.10901036816,234094042938.917,0.81979
Qatar,QAT,5,16681.308444528102,64781.7331974169,183466208791.209,0.87164
Kuwait,KWT,5,16681.308444528102,32031.9801025988,134761198945.982,0.90972
Ethiopia,ETH,5,16681.308444528102,857.501351042922,96107662398.1749,0.93688
Lebanon,LBN,5,16681.308444528102,7784.31685692976,53367042272.1725,0.95196
Azerbaijan,AZE,5,16681.308444528102,4793.58701966989,48047647058.8235,0.96554
Jordan,JOR,5,16681.308444528102,4330.32934593257,43743661971.831,0.9779
Cyprus,CYP,5,16681.308444528102,27858.3709958327,24564647934.6244,0.98484
Sudan,SDN,5,16681.308444528102,441.505603374484,18902284475.6054,0.99018
Georgia,GEO,5,16681.308444528102,4769.18654326351,17743195770.1998,0.9952
Armenia,ARM,5,16681.308444528102,4622.73349328671,13672802157.8324,0.99906
Djibouti,DJI,5,16681.308444528102,3408.84625440838,3318716359.44182,1.0
China,CHN,4,9987.520525583734,10261.6791283744,14342902842915.9,0.59097
Japan,JPN,4,9987.520525583734,40246.8801284164,5081769542379.77,0.80035
South Korea,KOR,4,9987.520525583734,31761.9776923447,1642383217167.26,0.86802
Indonesia,IDN,4,9987.520525583734,4135.56926281554,1119190780752.8,0.91413
Thailand,THA,4,9987.520525583734,7808.19291629949,543649976165.63,0.93653
Philippines,PHL,4,9987.520525583734,3485.08421836621,376795508679.676,0.95206
Malaysia,MYS,4,9987.520525583734,11414.8376618668,364701517787.844,0.96709
Bangladesh,BGD,4,9987.520525583734,1855.73982408046,302571254131.135,0.97955
Vietnam,VNM,4,9987.520525583734,2715.27603640721,261921244843.172,0.99034
Sri Lanka,LKA,4,9987.520525583734,3853.08369288942,84008783756.068,0.99381
Myanmar,MMR,4,9987.520525583734,1407.81314341043,76085852617.1371,0.99694
Cambodia,KHM,4,9987.520525583734,1643.12138876475,27089389786.9684,0.99806
Laos,LAO,4,9987.520525583734,2534.89827724281,18173839128.2699,0.99881
Mongolia,MNG,4,9987.520525583734,4295.23502487944,13852850259.4854,0.99938
Brunei,BRN,4,9987.520525583734,31086.7510792939,13469422941.3919,0.99993
Timor-Leste,TLS,4,9987.520525583734,1294.18893388776,1673540300.0,1.0
Brazil,BRA,1,9393.497108458,8717.18627810819,1839758040765.62,0.62712
Argentina,ARG,1,9393.497108458,10006.1489736082,449663446954.073,0.78039
Chile,CHL,1,9393.497108458,14896.4538665789,282318159744.65,0.87663
Peru,PER,1,9393.497108458,6977.69578355382,226848050819.525,0.95395
Uruguay,URY,1,9393.497108458,16190.1269572827,56045912952.342,0.97306
Bolivia,BOL,1,9393.497108458,3552.0687621416,40895322865.4124,0.987
Paraguay,PRY,1,9393.497108458,5414.79913793258,38145288939.8488,1.0
Mexico,MEX,7,6855.8891881378495,9863.0726988757,1258286717124.53,0.64155
Colombia,COL,7,6855.8891881378495,6432.38758339551,323802808108.246,0.80664
Ecuador,ECU,7,6855.8891881378495,6183.82382482173,107435665000.0,0.86142
Guatemala,GTM,7,6855.8891881378495,4619.98709708493,76710385879.6627,0.90053
Panama,PAN,7,6855.8891881378495,15731.0160348471,66800800000.0,0.93459
Costa Rica,CRI,7,6855.8891881378495,12238.3749643984,61773944173.6736,0.96608
El Salvador,SLV,7,6855.8891881378495,4187.2500311069,27022640000.0,0.97986
Honduras,HND,7,6855.8891881378495,2574.91219067443,25095395475.0393,0.99266
Nicaragua,NIC,7,6855.8891881378495,1912.90374537869,12520915291.1837,0.99904
Belize,BLZ,7,6855.8891881378495,4815.1637107951,1879613600.0,1.0
India,IND,8,3785.8015095616825,2104.14590003333,2875142314811.85,0.81339
Pakistan,PAK,8,3785.8015095616825,1284.70204090039,278221906022.841,0.89211
Kazakhstan,KAZ,8,3785.8015095616825,9731.14520688729,180161741180.147,0.94307
Oman,OMN,8,3785.8015095616825,15474.0324753635,76983094928.4785,0.96485
Uzbekistan,UZB,8,3785.8015095616825,1724.8411344137,57921286440.3495,0.98124
Nepal,NPL,8,3785.8015095616825,1071.05076056552,30641380604.2984,0.98991
Afghanistan,AFG,8,3785.8015095616825,502.115486913067,19101353832.7371,0.99531
Kyrgyzstan,KGZ,8,3785.8015095616825,1309.39299165512,8454619607.81795,0.9977
Tajikistan,TJK,8,3785.8015095616825,870.787589323223,8116626794.25837,1.0
South Africa,ZAF,3,2045.8838648581127,6001.40081394888,351431649241.439,0.4227
Kenya,KEN,3,2045.8838648581127,1816.5469164389,95503088538.092,0.53757
Angola,AGO,3,2045.8838648581127,2973.59115979868,94635415869.9851,0.6514
Tanzania,TZA,3,2045.8838648581127,1122.12181047515,63177068174.549,0.72739
Dem. Rep. Congo,COD,3,2045.8838648581127,545.216212311342,47319624204.0938,0.78431
Uganda,UGA,3,2045.8838648581127,776.768575885308,34387229486.4008,0.82567
Zambia,ZMB,3,2045.8838648581127,1291.34335737364,23064722446.3513,0.85341
Zimbabwe,ZWE,3,2045.8838648581127,1463.98591018054,21440758800.0,0.8792
Botswana,BWA,3,2045.8838648581127,7961.33814014048,18340510789.4272,0.90126
Mozambique,MOZ,3,2045.8838648581127,491.804723063735,14934159925.5234,0.91922
Madagascar,MDG,3,2045.8838648581127,522.21980923047,14083906356.618,0.93616
Namibia,NAM,3,2045.8838648581127,4957.4580058497,12366527719.3322,0.95104
Congo,COG,3,2045.8838648581127,2011.07239887663,10820591130.7349,0.96405
Rwanda,RWA,3,2045.8838648581127,801.656186978807,10122472590.172,0.97623
Malawi,MWI,3,2045.8838648581127,411.552340423602,7666704427.00915,0.98545
eSwatini,SWZ,3,2045.8838648581127,3837.02699384472,4405405802.44294,0.99075
Burundi,BDI,3,2045.8838648581127,261.247472515742,3012334881.64057,0.99437
Lesotho,LSO,3,2045.8838648581127,1157.53516433147,2460072443.62842,0.99733
Central African Rep.,CAF,3,2045.8838648581127,467.907440636335,2220307368.69593,1.0
Nigeria,NGA,2,1873.9129551867597,2229.85869624463,448120428858.769,0.58004
Ghana,GHA,2,1873.9129551867597,2202.11556738065,66983634223.943,0.66674
CÃ´te d'Ivoire,CIV,2,1873.9129551867597,2286.162776855,58792205642.1538,0.74284
Cameroon,CMR,2,1873.9129551867597,1497.90917560296,38760467033.389,0.79301
Senegal,SEN,2,1873.9129551867597,1446.83096499408,23578084052.0147,0.82353
Mali,MLI,2,1873.9129551867597,890.737285506382,17510141171.3403,0.8462
Gabon,GAB,2,1873.9129551867597,7667.36686126914,16657960228.0892,0.86776
Burkina Faso,BFA,2,1873.9129551867597,774.8396902346,15745810234.6602,0.88814
Benin,BEN,2,1873.9129551867597,1219.43267185875,14390709094.9386,0.90677
Guinea,GIN,2,1873.9129551867597,1064.13123736656,13590281808.6928,0.92436
Niger,NER,2,1873.9129551867597,554.600968697425,12928145120.0296,0.94109
Chad,TCD,2,1873.9129551867597,709.540310138533,11314951342.7807,0.95574
Eq. Guinea,GNQ,2,1873.9129551867597,8131.92388810912,11026774945.3415,0.97001
Mauritania,MRT,2,1873.9129551867597,1677.91925268633,7593752450.2055,0.97984
Togo,TGO,2,1873.9129551867597,675.542213340634,5459979416.66908,0.98691
Sierra Leone,SLE,2,1873.9129551867597,504.46254336648,3941474310.76913,0.99201
Liberia,LBR,2,1873.9129551867597,621.892953622715,3070518100.0,0.99598
Gambia,GMB,2,1873.9129551867597,751.294688388742,1763819047.69838,0.99827
Guinea-Bissau,GNB,2,1873.9129551867597,697.784402885715,1340389410.76003,1.0
